[
  {
    "Title": "HUMDAKIN Šampoon koertele 250ml",
    "Price": "20,99 €",
    "Picture href": null
  },
  {
    "Title": "WILDA SIBERICA Hydro-Boost Palsam Lemmikloomadele 400ml",
    "Price": " 9,90 € ",
    "Picture href": "https://m2.kaubamaja.ee/media/catalog/product/cache/1/small_image/540x/85e4522595efc69f496374d01ef2bf13/4/7/4743318102900.jpg"
  },
  {
    "Title": "WILDA SIBERICA Shed Control Palsam Lemmikloomadele 400ml",
    "Price": " 9,90 € ",
    "Picture href": "https://m2.kaubamaja.ee/media/catalog/product/cache/1/small_image/540x/85e4522595efc69f496374d01ef2bf13/4/7/4743318102757.jpg"
  },
  {
    "Title": "WILDA SIBERICA Delicate Palsam Lemmikloomadele 400ml",
    "Price": " 9,90 € ",
    "Picture href": "https://m2.kaubamaja.ee/media/catalog/product/cache/1/small_image/540x/85e4522595efc69f496374d01ef2bf13/4/7/4743318102825.jpg"
  },
  {
    "Title": "LEITMOTIV Lemmiklooma söögikausid Dinner Time Light Wood",
    "Price": "56,99 €",
    "Picture href": null
  },
  {
    "Title": "YAMAZAKI Lemmiklooma söögikausid alusel Tower White",
    "Price": "39,99 €",
    "Picture href": null
  },
  {
    "Title": "YAMAZAKI Lemmiklooma söögikausid alusel Tower Black",
    "Price": "39,99 €",
    "Picture href": null
  }
]